#  $Id: loadedcommerce.sql v1.0 2012-12-04 datazen $
#
#  LoadedCommerce, Innovative eCommerce Solutions
#  http://www.loadedcommerce.com
#
#  Copyright (c) 2012 Loaded Commerce, LLC
#
#  @author     Loaded Commerce Team
#  @copyright  (c) 2012 Loaded Commerce Team
#  @license    http://loadedcommerce.com/license.html

INSERT INTO lc_administrators_access (administrators_id, administrators_groups_id, module, level) VALUES(0, 2, 'tools-error_log', 4);
INSERT INTO lc_administrators_access (administrators_id, administrators_groups_id, module, level) VALUES(0, 2, 'tools-cache', 0);
INSERT INTO lc_administrators_access (administrators_id, administrators_groups_id, module, level) VALUES(0, 2, 'tools-backup', 0);
INSERT INTO lc_administrators_access (administrators_id, administrators_groups_id, module, level) VALUES(0, 2, 'tools-administrators_log', 4);
INSERT INTO lc_administrators_access (administrators_id, administrators_groups_id, module, level) VALUES(0, 2, 'settings-zone_groups', 0);
INSERT INTO lc_administrators_access (administrators_id, administrators_groups_id, module, level) VALUES(0, 2, 'settings-templates_modules_layout', 0);
INSERT INTO lc_administrators_access (administrators_id, administrators_groups_id, module, level) VALUES(0, 2, 'settings-templates_modules', 0);
INSERT INTO lc_administrators_access (administrators_id, administrators_groups_id, module, level) VALUES(0, 2, 'settings-templates', 0);
INSERT INTO lc_administrators_access (administrators_id, administrators_groups_id, module, level) VALUES(0, 2, 'settings-tax_classes', 0);
INSERT INTO lc_administrators_access (administrators_id, administrators_groups_id, module, level) VALUES(0, 2, 'settings-modules', 0);
INSERT INTO lc_administrators_access (administrators_id, administrators_groups_id, module, level) VALUES(0, 2, 'settings-languages', 0);
INSERT INTO lc_administrators_access (administrators_id, administrators_groups_id, module, level) VALUES(0, 2, 'settings-definitions', 0);
INSERT INTO lc_administrators_access (administrators_id, administrators_groups_id, module, level) VALUES(0, 2, 'settings-currencies', 0);
INSERT INTO lc_administrators_access (administrators_id, administrators_groups_id, module, level) VALUES(0, 2, 'settings-credit_cards', 0);
INSERT INTO lc_administrators_access (administrators_id, administrators_groups_id, module, level) VALUES(0, 2, 'settings-countries', 0);
INSERT INTO lc_administrators_access (administrators_id, administrators_groups_id, module, level) VALUES(0, 2, 'settings-configuration', 0);
INSERT INTO lc_administrators_access (administrators_id, administrators_groups_id, module, level) VALUES(0, 2, 'settings-administrators', 0);
INSERT INTO lc_administrators_access (administrators_id, administrators_groups_id, module, level) VALUES(0, 2, 'sales-orders', 4);
INSERT INTO lc_administrators_access (administrators_id, administrators_groups_id, module, level) VALUES(0, 2, 'reports-whos_online', 4);
INSERT INTO lc_administrators_access (administrators_id, administrators_groups_id, module, level) VALUES(0, 2, 'reports-statistics', 4);
INSERT INTO lc_administrators_access (administrators_id, administrators_groups_id, module, level) VALUES(0, 2, 'products-specials', 0);
INSERT INTO lc_administrators_access (administrators_id, administrators_groups_id, module, level) VALUES(0, 2, 'products-reviews', 0);
INSERT INTO lc_administrators_access (administrators_id, administrators_groups_id, module, level) VALUES(0, 2, 'products-products_expected', 0);
INSERT INTO lc_administrators_access (administrators_id, administrators_groups_id, module, level) VALUES(0, 2, 'products-products', 0);
INSERT INTO lc_administrators_access (administrators_id, administrators_groups_id, module, level) VALUES(0, 2, 'products-product_variants', 0);
INSERT INTO lc_administrators_access (administrators_id, administrators_groups_id, module, level) VALUES(0, 2, 'products-manufacturers', 0);
INSERT INTO lc_administrators_access (administrators_id, administrators_groups_id, module, level) VALUES(0, 2, 'products-categories', 0);
INSERT INTO lc_administrators_access (administrators_id, administrators_groups_id, module, level) VALUES(0, 2, 'marketing-newsletters', 0);
INSERT INTO lc_administrators_access (administrators_id, administrators_groups_id, module, level) VALUES(0, 2, 'customers-customers', 4);
INSERT INTO lc_administrators_access (administrators_id, administrators_groups_id, module, level) VALUES(0, 2, 'marketing-banner_manager', 4);
INSERT INTO lc_administrators_access (administrators_id, administrators_groups_id, module, level) VALUES(0, 2, 'tools-updates', 0);
INSERT INTO lc_administrators_access (administrators_id, administrators_groups_id, module, level) VALUES(0, 2, 'tools-server_info', 0);
INSERT INTO lc_administrators_access (administrators_id, administrators_groups_id, module, level) VALUES(0, 2, 'tools-images', 0);
INSERT INTO lc_administrators_access (administrators_id, administrators_groups_id, module, level) VALUES(0, 2, 'tools-file_manager', 4);
INSERT INTO lc_administrators_access (administrators_id, administrators_groups_id, module, level) VALUES(0, 3, 'settings-templates_modules', 0);
INSERT INTO lc_administrators_access (administrators_id, administrators_groups_id, module, level) VALUES(0, 3, 'settings-templates', 0);
INSERT INTO lc_administrators_access (administrators_id, administrators_groups_id, module, level) VALUES(0, 3, 'settings-tax_classes', 0);
INSERT INTO lc_administrators_access (administrators_id, administrators_groups_id, module, level) VALUES(0, 3, 'settings-modules', 0);
INSERT INTO lc_administrators_access (administrators_id, administrators_groups_id, module, level) VALUES(0, 3, 'settings-languages', 0);
INSERT INTO lc_administrators_access (administrators_id, administrators_groups_id, module, level) VALUES(0, 3, 'settings-definitions', 0);
INSERT INTO lc_administrators_access (administrators_id, administrators_groups_id, module, level) VALUES(0, 3, 'settings-currencies', 0);
INSERT INTO lc_administrators_access (administrators_id, administrators_groups_id, module, level) VALUES(0, 3, 'settings-credit_cards', 0);
INSERT INTO lc_administrators_access (administrators_id, administrators_groups_id, module, level) VALUES(0, 3, 'settings-countries', 0);
INSERT INTO lc_administrators_access (administrators_id, administrators_groups_id, module, level) VALUES(0, 3, 'settings-configuration', 0);
INSERT INTO lc_administrators_access (administrators_id, administrators_groups_id, module, level) VALUES(0, 3, 'settings-administrators', 0);
INSERT INTO lc_administrators_access (administrators_id, administrators_groups_id, module, level) VALUES(0, 3, 'sales-orders', 3);
INSERT INTO lc_administrators_access (administrators_id, administrators_groups_id, module, level) VALUES(0, 3, 'reports-whos_online', 0);
INSERT INTO lc_administrators_access (administrators_id, administrators_groups_id, module, level) VALUES(0, 3, 'reports-statistics', 0);
INSERT INTO lc_administrators_access (administrators_id, administrators_groups_id, module, level) VALUES(0, 3, 'products-specials', 3);
INSERT INTO lc_administrators_access (administrators_id, administrators_groups_id, module, level) VALUES(0, 3, 'products-reviews', 3);
INSERT INTO lc_administrators_access (administrators_id, administrators_groups_id, module, level) VALUES(0, 3, 'products-products_expected', 3);
INSERT INTO lc_administrators_access (administrators_id, administrators_groups_id, module, level) VALUES(0, 3, 'products-products', 3);
INSERT INTO lc_administrators_access (administrators_id, administrators_groups_id, module, level) VALUES(0, 3, 'products-product_variants', 3);
INSERT INTO lc_administrators_access (administrators_id, administrators_groups_id, module, level) VALUES(0, 3, 'products-manufacturers', 3);
INSERT INTO lc_administrators_access (administrators_id, administrators_groups_id, module, level) VALUES(0, 3, 'products-categories', 3);
INSERT INTO lc_administrators_access (administrators_id, administrators_groups_id, module, level) VALUES(0, 3, 'marketing-newsletters', 0);
INSERT INTO lc_administrators_access (administrators_id, administrators_groups_id, module, level) VALUES(0, 3, 'marketing-banner_manager', 0);
INSERT INTO lc_administrators_access (administrators_id, administrators_groups_id, module, level) VALUES(0, 3, 'customers-customers', 0);
INSERT INTO lc_administrators_access (administrators_id, administrators_groups_id, module, level) VALUES(0, 3, 'tools-updates', 4);
INSERT INTO lc_administrators_access (administrators_id, administrators_groups_id, module, level) VALUES(0, 3, 'tools-server_info', 4);
INSERT INTO lc_administrators_access (administrators_id, administrators_groups_id, module, level) VALUES(0, 3, 'tools-images', 4);
INSERT INTO lc_administrators_access (administrators_id, administrators_groups_id, module, level) VALUES(0, 3, 'tools-file_manager', 4);
INSERT INTO lc_administrators_access (administrators_id, administrators_groups_id, module, level) VALUES(0, 3, 'tools-error_log', 4);
INSERT INTO lc_administrators_access (administrators_id, administrators_groups_id, module, level) VALUES(0, 3, 'tools-cache', 4);
INSERT INTO lc_administrators_access (administrators_id, administrators_groups_id, module, level) VALUES(0, 3, 'tools-backup', 4);
INSERT INTO lc_administrators_access (administrators_id, administrators_groups_id, module, level) VALUES(0, 3, 'tools-administrators_log', 4);
INSERT INTO lc_administrators_access (administrators_id, administrators_groups_id, module, level) VALUES(0, 3, 'settings-zone_groups', 0);
INSERT INTO lc_administrators_access (administrators_id, administrators_groups_id, module, level) VALUES(0, 3, 'settings-templates_modules_layout', 0);

INSERT INTO lc_administrators_groups (id, `name`, date_added, last_modified) VALUES(2, 'Customer Service', '0000-00-00 00:00:00', '0000-00-00 00:00:00');
INSERT INTO lc_administrators_groups (id, `name`, date_added, last_modified) VALUES(3, 'Support Department', '0000-00-00 00:00:00', '0000-00-00 00:00:00');

INSERT INTO lc_banners (banners_id, banners_title, banners_url, banners_target, banners_image, banners_group, banners_html_text, expires_impressions, expires_date, date_scheduled, date_added, date_status_change, status) VALUES(1, 'Mainpage Banner', '', 1, 'promo_cat_banner.jpg', 'mainpage', '', 0, NULL, NULL, '2012-12-19 19:18:20', NULL, 1);

INSERT INTO lc_categories (categories_id, categories_image, parent_id, sort_order, categories_mode, categories_link_target, categories_custom_url, categories_status, categories_visibility_nav, categories_visibility_box, date_added, last_modified) VALUES(5, 'women.jpg', 0, 10, 'category', 0, '', 1, 0, 1, '0000-00-00 00:00:00', NULL);
INSERT INTO lc_categories (categories_id, categories_image, parent_id, sort_order, categories_mode, categories_link_target, categories_custom_url, categories_status, categories_visibility_nav, categories_visibility_box, date_added, last_modified) VALUES(6, 'men.jpg', 0, 20, 'category', 0, '', 1, 0, 1, '0000-00-00 00:00:00', NULL);
INSERT INTO lc_categories (categories_id, categories_image, parent_id, sort_order, categories_mode, categories_link_target, categories_custom_url, categories_status, categories_visibility_nav, categories_visibility_box, date_added, last_modified) VALUES(7, 'women.jpg', 1, 10, 'category', 0, '', 1, 0, 1, '0000-00-00 00:00:00', NULL);
INSERT INTO lc_categories (categories_id, categories_image, parent_id, sort_order, categories_mode, categories_link_target, categories_custom_url, categories_status, categories_visibility_nav, categories_visibility_box, date_added, last_modified) VALUES(8, 'watch-womens.jpg', 1, 20, 'category', 0, '', 1, 0, 1, '0000-00-00 00:00:00', NULL);
INSERT INTO lc_categories (categories_id, categories_image, parent_id, sort_order, categories_mode, categories_link_target, categories_custom_url, categories_status, categories_visibility_nav, categories_visibility_box, date_added, last_modified) VALUES(9, 'men.jpg', 2, 10, 'category', 0, '', 1, 0, 1, '0000-00-00 00:00:00', NULL);
INSERT INTO lc_categories (categories_id, categories_image, parent_id, sort_order, categories_mode, categories_link_target, categories_custom_url, categories_status, categories_visibility_nav, categories_visibility_box, date_added, last_modified) VALUES(10, 'watch-mens.jpg', 2, 20, 'category', 0, '', 1, 0, 1, '0000-00-00 00:00:00', NULL);
INSERT INTO lc_categories (categories_id, categories_image, parent_id, sort_order, categories_mode, categories_link_target, categories_custom_url, categories_status, categories_visibility_nav, categories_visibility_box, date_added, last_modified) VALUES(11, 'no_image', 0, 30, 'specials', 0, 'products.php?specials', 1, 1, 0, '0000-00-00 00:00:00', NULL);
INSERT INTO lc_categories (categories_id, categories_image, parent_id, sort_order, categories_mode, categories_link_target, categories_custom_url, categories_status, categories_visibility_nav, categories_visibility_box, date_added, last_modified) VALUES(12, 'no_image.png', 0, 40, 'new', 0, 'products.php?new', 1, 1, 0, '0000-00-00 00:00:00', NULL);
INSERT INTO lc_categories (categories_id, categories_image, parent_id, sort_order, categories_mode, categories_link_target, categories_custom_url, categories_status, categories_visibility_nav, categories_visibility_box, date_added, last_modified) VALUES(13, 'no_image.png', 0, 50, 'info', 0, 'info.php', 1, 1, 0, '0000-00-00 00:00:00', NULL);
INSERT INTO lc_categories (categories_id, categories_image, parent_id, sort_order, categories_mode, categories_link_target, categories_custom_url, categories_status, categories_visibility_nav, categories_visibility_box, date_added, last_modified) VALUES(14, 'no_image.png', 0, 60, 'override', 1, 'http://loaded7.com', 1, 1, 0, '0000-00-00 00:00:00', NULL);

INSERT INTO lc_categories_description (categories_id, language_id, categories_name, categories_menu_name, categories_blurb, categories_description, categories_tags) VALUES(5, 1, 'Women', 'Women', 'Women Blurb', '<p>Women Content</p>', 'women, tags');
INSERT INTO lc_categories_description (categories_id, language_id, categories_name, categories_menu_name, categories_blurb, categories_description, categories_tags) VALUES(6, 1, 'Men', 'Men', 'Men Blurb', '<p>Men Content</p>', 'men, tags'); 
INSERT INTO lc_categories_description (categories_id, language_id, categories_name, categories_menu_name, categories_blurb, categories_description, categories_tags) VALUES(7, 1, 'Dresses', 'Dresses', 'Dresses Blurb', '<p>Dresses Content</p>', 'dresses, tags');
INSERT INTO lc_categories_description (categories_id, language_id, categories_name, categories_menu_name, categories_blurb, categories_description, categories_tags) VALUES(8, 1, 'Watches', 'Watches', 'Watches Blurb', '<p>Watches Content</p>', 'watches, tags');
INSERT INTO lc_categories_description (categories_id, language_id, categories_name, categories_menu_name, categories_blurb, categories_description, categories_tags) VALUES(9, 1, 'Shirts', 'Shirts', 'Shirts Blurb', '<p>Shirts Content</p>', 'shirts, tags');
INSERT INTO lc_categories_description (categories_id, language_id, categories_name, categories_menu_name, categories_blurb, categories_description, categories_tags) VALUES(10, 1, 'Watches', 'Watches', 'Watches Blurb', '<p>Watches Content</p>', 'watches');
INSERT INTO lc_categories_description (categories_id, language_id, categories_name, categories_menu_name, categories_blurb, categories_description, categories_tags) VALUES(11, 1, 'Specials', 'Specials', 'Specials Blurb', '<p>Specials Content</p>', 'specials');
INSERT INTO lc_categories_description (categories_id, language_id, categories_name, categories_menu_name, categories_blurb, categories_description, categories_tags) VALUES(12, 1, 'New Products', 'New Products', 'New Products Blurb', '<p>New Products Content</p>', 'new, products, tags');
INSERT INTO lc_categories_description (categories_id, language_id, categories_name, categories_menu_name, categories_blurb, categories_description, categories_tags) VALUES(13, 1, 'Information', 'Information', 'Information Blurb', '<p>Information Content</p>', 'information, tags');
INSERT INTO lc_categories_description (categories_id, language_id, categories_name, categories_menu_name, categories_blurb, categories_description, categories_tags) VALUES(14, 1, 'Loaded 7', 'Loaded 7', 'Loaded 7 Blurb', '<p>Loaded 7 Content</p>', 'loaded, tags');

INSERT INTO lc_configuration (configuration_title, configuration_key, configuration_value, configuration_description, configuration_group_id, sort_order, last_modified, date_added, use_function, set_function) VALUES('Enable AddOn', 'ADDONS_PAYMENT_CASH_ON_DELIVERY_STATUS', '1', 'Do you want to enable this addon?', 6, 0, NULL, '2013-08-28 10:46:22', 'lc_cfg_use_get_boolean_value', 'lc_cfg_set_boolean_value(array(1, -1))');
INSERT INTO lc_configuration (configuration_title, configuration_key, configuration_value, configuration_description, configuration_group_id, sort_order, last_modified, date_added, use_function, set_function) VALUES('Payment Zone', 'ADDONS_PAYMENT_CASH_ON_DELIVERY_ZONE', '0', 'If a zone is selected, only enable this payment method for that zone.', 6, 0, NULL, '2013-08-28 10:46:22', 'lc_cfg_use_get_zone_class_title', 'lc_cfg_set_zone_classes_pull_down_menu');
INSERT INTO lc_configuration (configuration_title, configuration_key, configuration_value, configuration_description, configuration_group_id, sort_order, last_modified, date_added, use_function, set_function) VALUES('Order Status', 'ADDONS_PAYMENT_CASH_ON_DELIVERY_ORDER_STATUS_ID', '1', 'Set the status of orders made with this payment module to this value', 6, 0, NULL, '2013-08-28 10:46:22', 'lc_cfg_use_get_order_status_title', 'lc_cfg_set_order_statuses_pull_down_menu');
INSERT INTO lc_configuration (configuration_title, configuration_key, configuration_value, configuration_description, configuration_group_id, sort_order, last_modified, date_added, use_function, set_function) VALUES('Sort Order', 'ADDONS_PAYMENT_CASH_ON_DELIVERY_SORT_ORDER', '0', 'Sort order of display. Lowest is displayed first.', 6, 0, NULL, '2013-08-28 10:46:22', NULL, NULL);
INSERT INTO lc_configuration (configuration_title, configuration_key, configuration_value, configuration_description, configuration_group_id, sort_order, last_modified, date_added, use_function, set_function) VALUES('Enable AddOn', 'ADDONS_SHIPPING_FREE_SHIPPING_STATUS', '1', 'Do you want to enable this addon?', 6, 0, NULL, '2013-08-27 11:15:18', 'lc_cfg_use_get_boolean_value', 'lc_cfg_set_boolean_value(array(1, -1))');
INSERT INTO lc_configuration (configuration_title, configuration_key, configuration_value, configuration_description, configuration_group_id, sort_order, last_modified, date_added, use_function, set_function) VALUES('Shipping Cost', 'ADDONS_SHIPPING_FREE_SHIPPING_MINIMUM_ORDER', '0.00', 'The minimum order amount to apply free shipping to.', 6, 0, NULL, '2013-08-27 11:15:18', NULL, NULL);
INSERT INTO lc_configuration (configuration_title, configuration_key, configuration_value, configuration_description, configuration_group_id, sort_order, last_modified, date_added, use_function, set_function) VALUES('Shipping Zone', 'ADDONS_SHIPPING_FREE_SHIPPING_ZONE', '0', 'If a zone is selected, only enable this shipping method for that zone.', 6, 0, NULL, '2013-08-27 11:15:18', 'lc_cfg_use_get_zone_class_title', 'lc_cfg_set_zone_classes_pull_down_menu');

INSERT INTO lc_permalinks (permalink_id, item_id, language_id, `type`, query, permalink) VALUES (5, 5, 1, 1, 'cPath=5', 'women');
INSERT INTO lc_permalinks (permalink_id, item_id, language_id, `type`, query, permalink) VALUES (6, 6, 1, 1, 'cPath=6', 'men');
INSERT INTO lc_permalinks (permalink_id, item_id, language_id, `type`, query, permalink) VALUES (7, 7, 1, 1, 'cPath=5_7', 'dresses');
INSERT INTO lc_permalinks (permalink_id, item_id, language_id, `type`, query, permalink) VALUES (8, 8, 1, 1, 'cpath=5_8', 'watches-for-women');
INSERT INTO lc_permalinks (permalink_id, item_id, language_id, `type`, query, permalink) VALUES (9, 9, 1, 1, 'cPath=6_9', 'shirts');
INSERT INTO lc_permalinks (permalink_id, item_id, language_id, `type`, query, permalink) VALUES (10, 10, 1, 1, 'cPath=6_10', 'watches-for-men');
INSERT INTO lc_permalinks (permalink_id, item_id, language_id, `type`, query, permalink) VALUES (11, 1, 1, 2, 'cPath=5_7', 'valentino-dress');
INSERT INTO lc_permalinks (permalink_id, item_id, language_id, `type`, query, permalink) VALUES (12, 2, 1, 2, 'cPath=5_7', 'emporio-dress');
INSERT INTO lc_permalinks (permalink_id, item_id, language_id, `type`, query, permalink) VALUES (13, 3, 1, 2, 'cPath=5_7', 'emporio-armani');
INSERT INTO lc_permalinks (permalink_id, item_id, language_id, `type`, query, permalink) VALUES (14, 4, 1, 2, 'cPath=6_9', 'moschino-shirt');
INSERT INTO lc_permalinks (permalink_id, item_id, language_id, `type`, query, permalink) VALUES (15, 5, 1, 2, 'cPath=6_9', 'burberry-shirt');
INSERT INTO lc_permalinks (permalink_id, item_id, language_id, `type`, query, permalink) VALUES (16, 6, 1, 2, 'cPath=6_9', 'gucci-shirt');
INSERT INTO lc_permalinks (permalink_id, item_id, language_id, `type`, query, permalink) VALUES (17, 7, 1, 2, 'cPath=6_10', 'sector-ocean-master');
INSERT INTO lc_permalinks (permalink_id, item_id, language_id, `type`, query, permalink) VALUES (18, 8, 1, 2, 'cPath=6_10', 'tendence-ocean-master');
INSERT INTO lc_permalinks (permalink_id, item_id, language_id, `type`, query, permalink) VALUES (19, 9, 1, 2, 'cPath=6_10', 'sector-centurion');
INSERT INTO lc_permalinks (permalink_id, item_id, language_id, `type`, query, permalink) VALUES (20, 10, 1, 2, 'cPath=5_8', 'longines-primaluna');
INSERT INTO lc_permalinks (permalink_id, item_id, language_id, `type`, query, permalink) VALUES (21, 11, 1, 2, 'cPath=5_8', 'longines-traditional');
INSERT INTO lc_permalinks (permalink_id, item_id, language_id, `type`, query, permalink) VALUES (22, 12, 1, 2, 'cPath=5_8', 'longines-leather');

INSERT INTO lc_products (products_id, parent_id, products_quantity, products_price, products_model, products_date_added, products_last_modified, products_weight, products_weight_class, products_status, products_tax_class_id, manufacturers_id, products_ordered, has_children) VALUES(1, 0, 999, '80.0000', 'WOM20091189', '2013-02-27 08:33:11', '2013-02-27 09:50:34', '3.30', 4, 1, 0, NULL, 0, 0);
INSERT INTO lc_products (products_id, parent_id, products_quantity, products_price, products_model, products_date_added, products_last_modified, products_weight, products_weight_class, products_status, products_tax_class_id, manufacturers_id, products_ordered, has_children) VALUES(2, 0, 999, '120.0000', 'WOM20091190', '2013-02-27 09:15:22', '2013-02-27 09:50:47', '3.30', 4, 1, 0, NULL, 0, 0);
INSERT INTO lc_products (products_id, parent_id, products_quantity, products_price, products_model, products_date_added, products_last_modified, products_weight, products_weight_class, products_status, products_tax_class_id, manufacturers_id, products_ordered, has_children) VALUES(3, 0, 999, '160.0000', 'WOM20091188', '2013-02-27 09:18:55', '2013-02-27 09:50:59', '4.65', 4, 1, 0, NULL, 0, 0);
INSERT INTO lc_products (products_id, parent_id, products_quantity, products_price, products_model, products_date_added, products_last_modified, products_weight, products_weight_class, products_status, products_tax_class_id, manufacturers_id, products_ordered, has_children) VALUES(4, 0, 999, '150.0000', 'ME200896', '2013-02-27 09:43:26', NULL, '3.96', 4, 1, 0, NULL, 0, 0);
INSERT INTO lc_products (products_id, parent_id, products_quantity, products_price, products_model, products_date_added, products_last_modified, products_weight, products_weight_class, products_status, products_tax_class_id, manufacturers_id, products_ordered, has_children) VALUES(5, 0, 999, '85.0000', 'ME200896447', '2013-02-27 09:46:58', '2013-02-27 09:51:23', '4.12', 4, 1, 0, NULL, 0, 0);
INSERT INTO lc_products (products_id, parent_id, products_quantity, products_price, products_model, products_date_added, products_last_modified, products_weight, products_weight_class, products_status, products_tax_class_id, manufacturers_id, products_ordered, has_children) VALUES(6, 0, 999, '160.0000', 'ME355120014', '2013-02-27 09:49:52', '2013-02-27 09:51:12', '3.30', 4, 1, 0, NULL, 0, 0);
INSERT INTO lc_products (products_id, parent_id, products_quantity, products_price, products_model, products_date_added, products_last_modified, products_weight, products_weight_class, products_status, products_tax_class_id, manufacturers_id, products_ordered, has_children) VALUES(7, 0, 999, '120.0000', 'ME444962145', '2013-02-27 10:40:07', NULL, '2.10', 4, 1, 0, NULL, 0, 0);
INSERT INTO lc_products (products_id, parent_id, products_quantity, products_price, products_model, products_date_added, products_last_modified, products_weight, products_weight_class, products_status, products_tax_class_id, manufacturers_id, products_ordered, has_children) VALUES(8, 0, 999, '116.9500', 'ME4443215464', '2013-02-27 10:42:03', NULL, '2.10', 4, 1, 0, NULL, 0, 0);
INSERT INTO lc_products (products_id, parent_id, products_quantity, products_price, products_model, products_date_added, products_last_modified, products_weight, products_weight_class, products_status, products_tax_class_id, manufacturers_id, products_ordered, has_children) VALUES(9, 0, 999, '118.9500', 'ME4443232147', '2013-02-27 10:43:21', NULL, '2.10', 4, 1, 0, NULL, 0, 0);
INSERT INTO lc_products (products_id, parent_id, products_quantity, products_price, products_model, products_date_added, products_last_modified, products_weight, products_weight_class, products_status, products_tax_class_id, manufacturers_id, products_ordered, has_children) VALUES(10, 0, 999, '129.9500', 'WOM362144485', '2013-02-27 10:45:40', NULL, '2.10', 4, 1, 0, NULL, 0, 0);
INSERT INTO lc_products (products_id, parent_id, products_quantity, products_price, products_model, products_date_added, products_last_modified, products_weight, products_weight_class, products_status, products_tax_class_id, manufacturers_id, products_ordered, has_children) VALUES(11, 0, 999, '110.0000', 'WOM203214755', '2013-02-27 10:47:13', NULL, '2.10', 4, 1, 0, NULL, 0, 0);
INSERT INTO lc_products (products_id, parent_id, products_quantity, products_price, products_model, products_date_added, products_last_modified, products_weight, products_weight_class, products_status, products_tax_class_id, manufacturers_id, products_ordered, has_children) VALUES(12, 0, 999, '99.0000', 'WOM20987442', '2013-02-27 10:50:10', '2013-02-27 10:51:04', '2.10', 4, 1, 0, NULL, 0, 0);

INSERT INTO lc_products_description (products_id, language_id, products_name, products_description, products_keyword, products_tags, products_meta_title, products_meta_keywords, products_meta_description, products_url, products_viewed) VALUES(1, 1, 'Premier Valentino', 'Lorem ipsum dolor sit amet, quo in insolens democritum mediocritatem, dicit feugiat admodum vel ex. Antiopam principes ne per, ut duis vulputate eam, solum torquatos persecuti qui at. Usu discere intellegat ne, tollit meliore nam at. Ne pri idque inciderint, vim no nullam tempor nostrud. Ex his errem alterum complectitur, qui in enim consequuntur, ad appareat convenire facilisis nam.\r\n\r\nEa sea probo doming offendit, deleniti voluptatibus ea quo, veniam aliquando sed cu. His munere mediocritatem eu, at eum labitur adolescens, sed id meis oratio munere. Id vel dolor molestiae. Id eum audire aperiri, nec te alia omnis ullamcorper.\r\n\r\nTe stet veri vitae his. Ex dicit tation vix, exerci equidem cu sed. Cum at alienum periculis omittantur. Duis elaboraret ad vix. Vitae melius vis eu, nam at liber consectetuer reprehendunt.', 'valentino-dress', 'designer dress', NULL, NULL, NULL, 'http://my-leisure.com', NULL);
INSERT INTO lc_products_description (products_id, language_id, products_name, products_description, products_keyword, products_tags, products_meta_title, products_meta_keywords, products_meta_description, products_url, products_viewed) VALUES(2, 1, 'Premier Emporio', 'Lorem ipsum dolor sit amet, quo in insolens democritum mediocritatem, dicit feugiat admodum vel ex. Antiopam principes ne per, ut duis vulputate eam, solum torquatos persecuti qui at. Usu discere intellegat ne, tollit meliore nam at. Ne pri idque inciderint, vim no nullam tempor nostrud. Ex his errem alterum complectitur, qui in enim consequuntur, ad appareat convenire facilisis nam.\r\n\r\nEa sea probo doming offendit, deleniti voluptatibus ea quo, veniam aliquando sed cu. His munere mediocritatem eu, at eum labitur adolescens, sed id meis oratio munere. Id vel dolor molestiae. Id eum audire aperiri, nec te alia omnis ullamcorper.\r\n\r\nTe stet veri vitae his. Ex dicit tation vix, exerci equidem cu sed. Cum at alienum periculis omittantur. Duis elaboraret ad vix. Vitae melius vis eu, nam at liber consectetuer reprehendunt.', 'emporio-dress', 'designer dress', NULL, NULL, NULL, 'http://my-leisure.com', NULL);
INSERT INTO lc_products_description (products_id, language_id, products_name, products_description, products_keyword, products_tags, products_meta_title, products_meta_keywords, products_meta_description, products_url, products_viewed) VALUES(3, 1, 'Emporio Armani', 'Lorem ipsum dolor sit amet, quo in insolens democritum mediocritatem, dicit feugiat admodum vel ex. Antiopam principes ne per, ut duis vulputate eam, solum torquatos persecuti qui at. Usu discere intellegat ne, tollit meliore nam at. Ne pri idque inciderint, vim no nullam tempor nostrud. Ex his errem alterum complectitur, qui in enim consequuntur, ad appareat convenire facilisis nam.\r\n\r\nEa sea probo doming offendit, deleniti voluptatibus ea quo, veniam aliquando sed cu. His munere mediocritatem eu, at eum labitur adolescens, sed id meis oratio munere. Id vel dolor molestiae. Id eum audire aperiri, nec te alia omnis ullamcorper.\r\n\r\nTe stet veri vitae his. Ex dicit tation vix, exerci equidem cu sed. Cum at alienum periculis omittantur. Duis elaboraret ad vix. Vitae melius vis eu, nam at liber consectetuer reprehendunt.', 'emporio-armani', 'designer dress', NULL, NULL, NULL, 'http://my-leisure.com', NULL);
INSERT INTO lc_products_description (products_id, language_id, products_name, products_description, products_keyword, products_tags, products_meta_title, products_meta_keywords, products_meta_description, products_url, products_viewed) VALUES(4, 1, 'Designer Moschino', 'Lorem ipsum dolor sit amet, quo in insolens democritum mediocritatem, dicit feugiat admodum vel ex. Antiopam principes ne per, ut duis vulputate eam, solum torquatos persecuti qui at. Usu discere intellegat ne, tollit meliore nam at. Ne pri idque inciderint, vim no nullam tempor nostrud. Ex his errem alterum complectitur, qui in enim consequuntur, ad appareat convenire facilisis nam.\r\n\r\nEa sea probo doming offendit, deleniti voluptatibus ea quo, veniam aliquando sed cu. His munere mediocritatem eu, at eum labitur adolescens, sed id meis oratio munere. Id vel dolor molestiae. Id eum audire aperiri, nec te alia omnis ullamcorper.\r\n\r\nTe stet veri vitae his. Ex dicit tation vix, exerci equidem cu sed. Cum at alienum periculis omittantur. Duis elaboraret ad vix. Vitae melius vis eu, nam at liber consectetuer reprehendunt.', 'moschino-shirt', 'designer shirt', NULL, NULL, NULL, 'http://my-leisure.com', NULL);
INSERT INTO lc_products_description (products_id, language_id, products_name, products_description, products_keyword, products_tags, products_meta_title, products_meta_keywords, products_meta_description, products_url, products_viewed) VALUES(5, 1, 'Designer Burberry', 'Lorem ipsum dolor sit amet, quo in insolens democritum mediocritatem, dicit feugiat admodum vel ex. Antiopam principes ne per, ut duis vulputate eam, solum torquatos persecuti qui at. Usu discere intellegat ne, tollit meliore nam at. Ne pri idque inciderint, vim no nullam tempor nostrud. Ex his errem alterum complectitur, qui in enim consequuntur, ad appareat convenire facilisis nam.\r\n\r\nEa sea probo doming offendit, deleniti voluptatibus ea quo, veniam aliquando sed cu. His munere mediocritatem eu, at eum labitur adolescens, sed id meis oratio munere. Id vel dolor molestiae. Id eum audire aperiri, nec te alia omnis ullamcorper.\r\n\r\nTe stet veri vitae his. Ex dicit tation vix, exerci equidem cu sed. Cum at alienum periculis omittantur. Duis elaboraret ad vix. Vitae melius vis eu, nam at liber consectetuer reprehendunt.', 'burberry-shirt', 'designer shirt', NULL, NULL, NULL, 'http://my-leisure.com', NULL);
INSERT INTO lc_products_description (products_id, language_id, products_name, products_description, products_keyword, products_tags, products_meta_title, products_meta_keywords, products_meta_description, products_url, products_viewed) VALUES(6, 1, 'Designer Gucci', 'Lorem ipsum dolor sit amet, quo in insolens democritum mediocritatem, dicit feugiat admodum vel ex. Antiopam principes ne per, ut duis vulputate eam, solum torquatos persecuti qui at. Usu discere intellegat ne, tollit meliore nam at. Ne pri idque inciderint, vim no nullam tempor nostrud. Ex his errem alterum complectitur, qui in enim consequuntur, ad appareat convenire facilisis nam.\r\n\r\nEa sea probo doming offendit, deleniti voluptatibus ea quo, veniam aliquando sed cu. His munere mediocritatem eu, at eum labitur adolescens, sed id meis oratio munere. Id vel dolor molestiae. Id eum audire aperiri, nec te alia omnis ullamcorper.\r\n\r\nTe stet veri vitae his. Ex dicit tation vix, exerci equidem cu sed. Cum at alienum periculis omittantur. Duis elaboraret ad vix. Vitae melius vis eu, nam at liber consectetuer reprehendunt.', 'gucci-shirt', 'designer shirt', NULL, NULL, NULL, 'http://my-leisure.com', NULL);
INSERT INTO lc_products_description (products_id, language_id, products_name, products_description, products_keyword, products_tags, products_meta_title, products_meta_keywords, products_meta_description, products_url, products_viewed) VALUES(7, 1, 'Sector Ocean Master', 'Lorem ipsum dolor sit amet, quo in insolens democritum mediocritatem, dicit feugiat admodum vel ex. Antiopam principes ne per, ut duis vulputate eam, solum torquatos persecuti qui at. Usu discere intellegat ne, tollit meliore nam at. Ne pri idque inciderint, vim no nullam tempor nostrud. Ex his errem alterum complectitur, qui in enim consequuntur, ad appareat convenire facilisis nam.\r\n\r\nEa sea probo doming offendit, deleniti voluptatibus ea quo, veniam aliquando sed cu. His munere mediocritatem eu, at eum labitur adolescens, sed id meis oratio munere. Id vel dolor molestiae. Id eum audire aperiri, nec te alia omnis ullamcorper.\r\n\r\nTe stet veri vitae his. Ex dicit tation vix, exerci equidem cu sed. Cum at alienum periculis omittantur. Duis elaboraret ad vix. Vitae melius vis eu, nam at liber consectetuer reprehendunt.', 'sector-ocean-master', 'designer watch', NULL, NULL, NULL, 'http://my-leisure.com', NULL);
INSERT INTO lc_products_description (products_id, language_id, products_name, products_description, products_keyword, products_tags, products_meta_title, products_meta_keywords, products_meta_description, products_url, products_viewed) VALUES(8, 1, 'Tendence Ocean Master', 'Lorem ipsum dolor sit amet, quo in insolens democritum mediocritatem, dicit feugiat admodum vel ex. Antiopam principes ne per, ut duis vulputate eam, solum torquatos persecuti qui at. Usu discere intellegat ne, tollit meliore nam at. Ne pri idque inciderint, vim no nullam tempor nostrud. Ex his errem alterum complectitur, qui in enim consequuntur, ad appareat convenire facilisis nam.\r\n\r\nEa sea probo doming offendit, deleniti voluptatibus ea quo, veniam aliquando sed cu. His munere mediocritatem eu, at eum labitur adolescens, sed id meis oratio munere. Id vel dolor molestiae. Id eum audire aperiri, nec te alia omnis ullamcorper.\r\n\r\nTe stet veri vitae his. Ex dicit tation vix, exerci equidem cu sed. Cum at alienum periculis omittantur. Duis elaboraret ad vix. Vitae melius vis eu, nam at liber consectetuer reprehendunt.', 'tendence-ocean-master', 'designer watch', NULL, NULL, NULL, 'http://my-leisure.com', NULL);
INSERT INTO lc_products_description (products_id, language_id, products_name, products_description, products_keyword, products_tags, products_meta_title, products_meta_keywords, products_meta_description, products_url, products_viewed) VALUES(9, 1, 'Sector Centurion', 'Lorem ipsum dolor sit amet, quo in insolens democritum mediocritatem, dicit feugiat admodum vel ex. Antiopam principes ne per, ut duis vulputate eam, solum torquatos persecuti qui at. Usu discere intellegat ne, tollit meliore nam at. Ne pri idque inciderint, vim no nullam tempor nostrud. Ex his errem alterum complectitur, qui in enim consequuntur, ad appareat convenire facilisis nam.\r\n\r\nEa sea probo doming offendit, deleniti voluptatibus ea quo, veniam aliquando sed cu. His munere mediocritatem eu, at eum labitur adolescens, sed id meis oratio munere. Id vel dolor molestiae. Id eum audire aperiri, nec te alia omnis ullamcorper.\r\n\r\nTe stet veri vitae his. Ex dicit tation vix, exerci equidem cu sed. Cum at alienum periculis omittantur. Duis elaboraret ad vix. Vitae melius vis eu, nam at liber consectetuer reprehendunt.', 'sector-centurion', 'designer watch', NULL, NULL, NULL, 'http://my-leisure.com', NULL);
INSERT INTO lc_products_description (products_id, language_id, products_name, products_description, products_keyword, products_tags, products_meta_title, products_meta_keywords, products_meta_description, products_url, products_viewed) VALUES(10, 1, 'Longines PrimaLuna', 'Lorem ipsum dolor sit amet, quo in insolens democritum mediocritatem, dicit feugiat admodum vel ex. Antiopam principes ne per, ut duis vulputate eam, solum torquatos persecuti qui at. Usu discere intellegat ne, tollit meliore nam at. Ne pri idque inciderint, vim no nullam tempor nostrud. Ex his errem alterum complectitur, qui in enim consequuntur, ad appareat convenire facilisis nam.\r\n\r\nEa sea probo doming offendit, deleniti voluptatibus ea quo, veniam aliquando sed cu. His munere mediocritatem eu, at eum labitur adolescens, sed id meis oratio munere. Id vel dolor molestiae. Id eum audire aperiri, nec te alia omnis ullamcorper.\r\n\r\nTe stet veri vitae his. Ex dicit tation vix, exerci equidem cu sed. Cum at alienum periculis omittantur. Duis elaboraret ad vix. Vitae melius vis eu, nam at liber consectetuer reprehendunt.', 'longines-primaluna', 'designer watch', NULL, NULL, NULL, 'http://my-leisure.com', NULL);
INSERT INTO lc_products_description (products_id, language_id, products_name, products_description, products_keyword, products_tags, products_meta_title, products_meta_keywords, products_meta_description, products_url, products_viewed) VALUES(11, 1, 'Longines Traditional', 'Lorem ipsum dolor sit amet, quo in insolens democritum mediocritatem, dicit feugiat admodum vel ex. Antiopam principes ne per, ut duis vulputate eam, solum torquatos persecuti qui at. Usu discere intellegat ne, tollit meliore nam at. Ne pri idque inciderint, vim no nullam tempor nostrud. Ex his errem alterum complectitur, qui in enim consequuntur, ad appareat convenire facilisis nam.\r\n\r\nEa sea probo doming offendit, deleniti voluptatibus ea quo, veniam aliquando sed cu. His munere mediocritatem eu, at eum labitur adolescens, sed id meis oratio munere. Id vel dolor molestiae. Id eum audire aperiri, nec te alia omnis ullamcorper.\r\n\r\nTe stet veri vitae his. Ex dicit tation vix, exerci equidem cu sed. Cum at alienum periculis omittantur. Duis elaboraret ad vix. Vitae melius vis eu, nam at liber consectetuer reprehendunt.', 'longines-traditional', 'designer watch', NULL, NULL, NULL, 'http://my-leisure.com', NULL);
INSERT INTO lc_products_description (products_id, language_id, products_name, products_description, products_keyword, products_tags, products_meta_title, products_meta_keywords, products_meta_description, products_url, products_viewed) VALUES(12, 1, 'Longines Leather', 'Lorem ipsum dolor sit amet, quo in insolens democritum mediocritatem, dicit feugiat admodum vel ex. Antiopam principes ne per, ut duis vulputate eam, solum torquatos persecuti qui at. Usu discere intellegat ne, tollit meliore nam at. Ne pri idque inciderint, vim no nullam tempor nostrud. Ex his errem alterum complectitur, qui in enim consequuntur, ad appareat convenire facilisis nam.\r\n\r\nEa sea probo doming offendit, deleniti voluptatibus ea quo, veniam aliquando sed cu. His munere mediocritatem eu, at eum labitur adolescens, sed id meis oratio munere. Id vel dolor molestiae. Id eum audire aperiri, nec te alia omnis ullamcorper.\r\n\r\nTe stet veri vitae his. Ex dicit tation vix, exerci equidem cu sed. Cum at alienum periculis omittantur. Duis elaboraret ad vix. Vitae melius vis eu, nam at liber consectetuer reprehendunt.', 'longines-leather', 'designer watch', NULL, NULL, NULL, 'http://my-leisure.com', NULL);

INSERT INTO lc_products_images (id, products_id, image, default_flag, sort_order, date_added) VALUES(2, 1, 'dress3.jpg', 1, 0, '2013-02-27 08:54:05');
INSERT INTO lc_products_images (id, products_id, image, default_flag, sort_order, date_added) VALUES(3, 2, 'dress2.jpg', 1, 0, '2013-02-27 09:15:36');
INSERT INTO lc_products_images (id, products_id, image, default_flag, sort_order, date_added) VALUES(4, 3, 'dress1.jpg', 1, 0, '2013-02-27 09:18:55');
INSERT INTO lc_products_images (id, products_id, image, default_flag, sort_order, date_added) VALUES(5, 4, 'mens-shirt1.jpg', 1, 0, '2013-02-27 09:43:26');
INSERT INTO lc_products_images (id, products_id, image, default_flag, sort_order, date_added) VALUES(6, 5, 'mens-shirt2.jpg', 1, 0, '2013-02-27 09:46:58');
INSERT INTO lc_products_images (id, products_id, image, default_flag, sort_order, date_added) VALUES(7, 6, 'mens-shirt3.jpg', 1, 0, '2013-02-27 09:49:52');
INSERT INTO lc_products_images (id, products_id, image, default_flag, sort_order, date_added) VALUES(8, 7, 'mens-watch1.jpg', 1, 0, '2013-02-27 10:40:07');
INSERT INTO lc_products_images (id, products_id, image, default_flag, sort_order, date_added) VALUES(9, 8, 'mens-watch2.jpg', 1, 0, '2013-02-27 10:42:03');
INSERT INTO lc_products_images (id, products_id, image, default_flag, sort_order, date_added) VALUES(10, 9, 'mens-watch3.jpg', 1, 0, '2013-02-27 10:43:21');
INSERT INTO lc_products_images (id, products_id, image, default_flag, sort_order, date_added) VALUES(14, 10, 'womens-watch1.jpg', 1, 0, '2013-02-27 11:01:39');
INSERT INTO lc_products_images (id, products_id, image, default_flag, sort_order, date_added) VALUES(12, 11, 'womens-watch2.jpg', 1, 0, '2013-02-27 10:47:13');
INSERT INTO lc_products_images (id, products_id, image, default_flag, sort_order, date_added) VALUES(15, 12, 'womens-watch3.jpg', 1, 0, '2013-02-27 11:02:38');

INSERT INTO lc_products_to_categories (products_id, categories_id) VALUES(1, 3);
INSERT INTO lc_products_to_categories (products_id, categories_id) VALUES(2, 3);
INSERT INTO lc_products_to_categories (products_id, categories_id) VALUES(3, 3);
INSERT INTO lc_products_to_categories (products_id, categories_id) VALUES(4, 2);
INSERT INTO lc_products_to_categories (products_id, categories_id) VALUES(4, 5);
INSERT INTO lc_products_to_categories (products_id, categories_id) VALUES(5, 5);
INSERT INTO lc_products_to_categories (products_id, categories_id) VALUES(6, 5);
INSERT INTO lc_products_to_categories (products_id, categories_id) VALUES(7, 6);
INSERT INTO lc_products_to_categories (products_id, categories_id) VALUES(8, 6);
INSERT INTO lc_products_to_categories (products_id, categories_id) VALUES(9, 6);
INSERT INTO lc_products_to_categories (products_id, categories_id) VALUES(10, 4);
INSERT INTO lc_products_to_categories (products_id, categories_id) VALUES(11, 4);
INSERT INTO lc_products_to_categories (products_id, categories_id) VALUES(12, 4);

INSERT INTO lc_reviews (reviews_id, products_id, customers_id, customers_name, reviews_rating, languages_id, reviews_text, date_added, last_modified, reviews_read, reviews_status) VALUES(1, 1, 0, 'Janice Shopper', 5, 1, 'Lorem ipsum dolor sit amet, quo in insolens democritum mediocritatem, dicit feugiat admodum vel ex. Antiopam principes ne per, ut duis vulputate eam, solum torquatos persecuti qui at. Usu discere intellegat ne, tollit meliore nam at. Ne pri idque inciderint, vim no nullam tempor nostrud. Ex his errem alterum complectitur, qui in enim consequuntur, ad appareat convenire facilisis nam.\r\n\r\nEa sea probo doming offendit, deleniti voluptatibus ea quo, veniam aliquando sed cu. His munere mediocritatem eu, at eum labitur adolescens, sed id meis oratio munere. Id vel dolor molestiae. Id eum audire aperiri, nec te alia omnis ullamcorper.\r\n\r\nTe stet veri vitae his. Ex dicit tation vix, exerci equidem cu sed. Cum at alienum periculis omittantur. Duis elaboraret ad vix. Vitae melius vis eu, nam at liber consectetuer reprehendunt.', '2013-02-27 08:38:29', NULL, 0, 1);

INSERT INTO lc_templates_boxes (id, title, code, author_name, author_www, modules_group) VALUES(13, 'Banner on Mainpage', 'mainpage_banner', 'Loaded Commerce', 'http://www.loadedcommerce.com', 'content');
INSERT INTO lc_templates_boxes (id, title, code, author_name, author_www, modules_group) VALUES(14, 'Categories', 'categories', 'Loaded Commerce', 'http://www.loadedcommerce.com', 'boxes');
INSERT INTO lc_templates_boxes (id, title, code, author_name, author_www, modules_group) VALUES(15, 'Manufacturers', 'manufacturers', 'Loaded Commerce', 'http://www.loadedcommerce.com', 'boxes');
INSERT INTO lc_templates_boxes (id, title, code, author_name, author_www, modules_group) VALUES(16, 'New Products', 'new_products', 'Loaded Commerce', 'http://www.loadedcommerce.com', 'content');
INSERT INTO lc_templates_boxes (id, title, code, author_name, author_www, modules_group) VALUES(17, 'Your Recent History', 'recently_visited', 'Loaded Commerce', 'http://www.loadedcommerce.com', 'content');
INSERT INTO lc_templates_boxes (id, title, code, author_name, author_www, modules_group) VALUES(18, 'Customers Who Purchased This Product Also Purchased', 'also_purchased_products', 'Loaded Commerce', 'http://www.loadedcommerce.com', 'content');
INSERT INTO lc_templates_boxes (id, title, code, author_name, author_www, modules_group) VALUES(19, 'Free Shipping', 'free', 'Loaded Commerce, LLC', 'http://www.loadedcommerce.com', 'shipping|Free_Shipping');
INSERT INTO lc_templates_boxes (id, title, code, author_name, author_www, modules_group) VALUES(20, 'Check or Money Order', 'moneyorder', 'Loaded Commerce, LLC', 'http://www.loadedcommerce.com', 'payment|Money_Order');

INSERT INTO lc_templates_boxes_to_pages (templates_boxes_id, templates_id, content_page, boxes_group, sort_order, page_specific) VALUES(13, 1, 'index/index', 'after', 10, 1);
INSERT INTO lc_templates_boxes_to_pages (templates_boxes_id, templates_id, content_page, boxes_group, sort_order, page_specific) VALUES(14, 1, '*', 'left', 10, 0);
INSERT INTO lc_templates_boxes_to_pages (templates_boxes_id, templates_id, content_page, boxes_group, sort_order, page_specific) VALUES(15, 1, '*', 'left', 20, 0);
INSERT INTO lc_templates_boxes_to_pages (templates_boxes_id, templates_id, content_page, boxes_group, sort_order, page_specific) VALUES(16, 1, 'index/index', 'after', 20, 1);
INSERT INTO lc_templates_boxes_to_pages (templates_boxes_id, templates_id, content_page, boxes_group, sort_order, page_specific) VALUES(17, 1, 'products/info', 'after', 20, 1);
INSERT INTO lc_templates_boxes_to_pages (templates_boxes_id, templates_id, content_page, boxes_group, sort_order, page_specific) VALUES(18, 1, 'products/info', 'after', 10, 1);

